1	O	el
2	C	de
5	C	a
6	O	un
7	R	se
9	C	que
10	C	del
11	C	por
13	C	con
14	C	para
15	C	al
17	R	lo
18	C	como
20	R	le
23	D	más
24	R	todo
28	R	me
30	R	ese
31	R	otro
34	V	haber
37	C	sobre
38	C	entre
42	C	sin
44	R	mismo
47	N	primero
49	D	muy
50	R	alguno
52	R	nos
56	C	porque
58	D	solo
61	A	nuevo
65	R	te
71	C	ni
72	R	aquel
74	D	donde
81	A	último
87	R	cada
89	D	tan
91	D	así
92	A	bueno
96	N	presidente
98	N	estado
102	D	bien
103	C	sino
104	A	político
110	V	tratar
117	A	nacional
122	N	millón
124	C	contra
126	C	ante
129	D	ayer
131	C	hacia
136	A	social
138	V	realizar
139	C	pues
143	D	menos
147	D	hoy
148	V	producir
153	D	casi
154	V	crear
155	D	cómo
167	R	ninguno
168	A	económico
171	N	segundo
179	N	señor
180	N	noche
186	A	mejor
190	N	historia
192	N	político
196	C	tras
198	A	largo
200	R	varios
201	N	fuerza
204	N	hecho
208	R	mí
209	D	tanto
210	A	único
213	R	cualquiera
220	D	aún
225	V	comenzar
226	R	más
231	R	tal
239	N	siglo
240	N	ministro
242	V	aparecer
245	V	convertir
246	N	acción
247	N	lado
248	R	nadie
251	V	utilizar
252	A	próximo
254	A	humano
257	N	realidad
258	N	programa
262	R	cierto
270	N	tierra
272	V	acabar
275	N	idea
277	V	mostrar
279	N	zona
280	V	formar
282	N	tema
284	N	muerte
287	N	principio
288	C	ya que
289	N	interés
292	A	distinto
294	A	internacional
296	A	solo
300	N	sector
301	N	paso
302	D	incluso
303	R	tanto
305	N	información
308	N	voz
310	N	valor
311	N	figura
314	V	establecer
315	R	ambos
318	N	verdad
319	N	movimiento
320	A	anterior
321	C	a través de
322	N	puerta
323	V	obtener
324	N	posibilidad
325	C	frente a
327	V	alcanzar
330	V	caer
331	N	fondo
332	N	imagen
336	N	orden
339	N	luz
340	N	final
341	A	siguiente
342	N	policía
346	N	peseta
347	N	miembro
348	N	modo
352	V	oír
358	N	necesidad
359	N	estados unidos
360	N	comisión
362	A	diferente
364	N	campo
365	N	organización
366	N	don
367	N	camino
369	V	sentar
370	V	constituir
376	V	referir
377	N	mayoría
378	V	sacar
379	N	decisión
380	N	función
381	R	etcétera
383	N	espacio
384	V	continuar
385	A	europeo
386	N	base
387	N	seguridad
388	C	a partir de
390	V	desarrollar
391	A	popular
392	A	militar
393	N	autor
394	A	real
396	A	malo
398	V	iniciar
400	N	investigación
401	N	juego
402	N	ciento
403	N	capital
406	N	libertad
407	C	caso de
410	N	amor
411	N	arte
412	A	viejo
413	N	dinero
416	N	producción
417	V	levantar
419	N	rey
422	N	ocasión
423	N	población
424	N	méxico
425	N	duda
427	N	falta
430	N	línea
431	N	aspecto
435	D	ahí
437	V	ocupar
440	A	diverso
441	V	informar
443	N	autoridad
446	N	acto
447	N	presencia
449	N	tercero
451	A	fuerte
454	N	dato
456	N	vista
457	N	asunto
458	N	elemento
459	C	a pesar de
460	N	resto
461	N	ex
464	R	demás
467	N	consecuencia
468	V	comprender
470	N	posición
472	V	observar
473	V	sufrir
475	N	artículo
476	N	peso
477	C	junto a
478	N	dólar
480	V	dedicar
482	N	aire
483	V	unir
484	N	técnico
486	N	congreso
487	N	mañana
488	A	natural
492	N	serie
494	D	pronto
495	N	época
496	A	menor
499	V	anunciar
502	A	civil
505	N	región
506	N	uso
507	C	mediante
508	N	comunicación
509	N	enfermedad
510	N	capacidad
511	N	diferencia
512	N	secretario
513	A	dicho
514	V	detener
517	V	provocar
519	V	manifestar
521	D	así como
522	V	declarar
525	A	superior
526	N	término
527	A	contrario
528	N	ministerio
529	V	participar
530	V	expresar
533	N	operación
536	N	control
538	N	cargo
540	N	defensa
541	N	cara
542	V	celebrar
543	N	juez
544	N	prueba
545	N	crisis
552	V	tocar
553	V	afectar
554	N	cuadro
555	N	televisión
556	A	oficial
557	N	europa
558	N	institución
559	N	doctor
560	D	mejor
561	A	privado
564	A	central
565	V	echar
566	N	justicia
567	N	administración
569	N	unidad
571	V	acompañar
572	V	preparar
573	V	actuar
574	N	área
575	N	compañía
576	N	interior
577	V	abandonar
580	N	atención
582	V	colocar
583	V	situar
584	V	acercar
585	N	estructura
587	V	pretender
588	A	histórico
589	A	cultural
591	N	conjunto
595	A	verdadero
596	N	dios
597	N	texto
598	C	además de
600	V	aplicar
602	N	apoyo
607	N	modelo
609	V	mover
616	D	apenas
617	N	título
618	N	conocimiento
619	N	esfuerzo
621	A	personal
622	N	paciente
623	V	cubrir
625	V	entregar
626	N	importancia
627	V	meter
628	R	alguien
629	D	allá
630	N	declaración
631	N	silencio
634	V	disponer
635	N	nación
636	V	reunir
637	A	presente
640	A	grave
645	N	suelo
647	A	mundial
649	V	apoyar
650	V	corresponder
651	N	el
653	N	fecha
654	A	capaz
655	N	ciencia
656	N	solución
657	A	cierto
660	N	cabo
663	N	sol
665	V	andar
667	N	lucha
669	D	especialmente
671	N	ejército
673	N	naturaleza
674	D	quizá
675	V	citar
676	N	diputado
677	A	norteamericano
680	N	encuentro
681	D	dónde
682	V	faltar
683	N	personaje
684	N	materia
685	V	definir
686	V	permanecer
687	V	construir
688	V	agregar
689	V	sostener
691	N	organismo
692	N	informe
694	N	ayuda
695	N	motivo
696	N	concepto
697	A	electoral
698	N	reforma
699	N	régimen
700	V	matar
701	N	tribunal
707	N	expresión
708	A	físico
709	A	pasado
711	A	interno
712	N	planta
713	D	encima
715	N	factor
716	N	documento
717	V	surgir
719	V	defender
722	N	vuelta
723	V	hallar
724	D	demasiado
726	A	técnico
727	V	recoger
728	N	tratamiento
729	N	construcción
730	N	formación
731	N	industria
732	N	jugador
733	N	asociación
734	V	regresar
735	N	cámara
737	N	funcionario
738	N	propuesta
740	N	arma
741	N	existencia
743	N	grado
745	V	advertir
747	A	total
748	N	representante
750	N	muchacho
751	N	período
752	N	líder
754	D	tal vez
755	N	propiedad
756	N	candidato
757	N	crecimiento
758	N	dirigente
759	V	adquirir
760	A	amplio
761	C	mientras que
762	D	precisamente
765	V	impedir
766	N	vía
768	N	izquierda
769	A	suficiente
770	N	américa
771	D	mal
772	N	francia
774	V	organizar
775	V	desaparecer
776	V	aprobar
777	A	local
780	N	radio
781	N	mirada
783	N	curso
784	A	determinado
786	V	contener
787	V	poseer
788	N	característico
789	N	práctica
791	A	directo
792	N	crítico
794	N	contenido
795	N	maestro
796	V	enfrentar
798	N	cuestión
799	A	comercial
800	N	animal
801	N	memoria
805	A	profundo
809	A	socialista
810	N	a
811	N	juicio
812	V	requerir
813	V	lanzar
814	N	salido
815	N	diario
817	N	corte
819	N	análisis
820	A	fundamental
822	N	mitad
823	V	conducir
824	N	marcha
826	N	sala
827	V	determinar
828	V	relacionar
829	A	municipal
830	V	mencionar
831	A	igual
832	A	financiero
833	D	finalmente
836	N	democracia
837	N	aumento
838	N	responsabilidad
839	N	venta
840	N	oposición
841	N	visita
844	A	inmediato
845	N	creación
847	N	contacto
848	N	fuego
849	A	científico
851	R	ti
853	N	teoría
855	D	bastante
858	V	quitar
860	N	esposo
862	N	terreno
863	V	confirmar
867	N	comercio
868	A	simple
869	N	favor
870	N	golpe
872	V	insistir
873	C	en cuanto a
876	N	presión
878	A	exterior
879	N	conciencia
880	C	debido a
881	V	integrar
882	V	preocupar
883	A	máximo
884	N	negocio
887	V	concluir
890	N	derecha
892	V	basar
893	V	importar
896	V	marcar
897	A	profesional
900	D	atrás
902	V	acordar
905	N	ejercicio
908	V	fijar
909	N	puesto
910	N	ingreso
911	N	novela
912	V	aprovechar
913	N	suerte
914	N	pensamiento
915	A	numeroso
918	N	método
920	N	periódico
922	N	estilo
923	N	club
924	N	departamento
925	N	república
926	N	rostro
927	N	voluntad
930	N	circunstancia
931	A	vivo
932	V	acudir
933	N	escena
935	D	ni siquiera
936	A	absoluto
939	D	adelante
941	N	agente
942	N	escritor
943	C	pese a
944	N	altura
945	V	extender
946	N	cielo
947	V	adoptar
949	A	dispuesto
950	A	final
951	V	vestir
952	V	efectuar
953	N	cuarto
954	V	recuperar
956	N	entidad
957	N	sitio
958	N	aplicación
959	A	adecuado
962	D	aun
963	A	enorme
966	V	contemplar
968	N	capítulo
969	V	guardar
970	N	provincia
971	V	asumir
973	V	consistir
974	C	gracias a
975	V	registrar
976	N	coche
977	V	asistir
978	V	controlar
979	A	definitivo
980	V	denominar
981	A	rápido
982	N	piedra
983	N	gesto
984	V	acusar
985	V	someter
986	N	distancia
987	N	pintura
988	N	instituto
989	V	caber
990	N	destino
991	N	demanda
992	N	bien
993	A	corto
994	A	mínimo
996	N	actuación
997	N	violencia
998	N	parís
999	V	separar
1000	V	introducir
1002	C	de acuerdo con
1003	V	reír
1004	N	cifra
1006	N	exposición
1007	D	solamente
1008	N	conversación
1011	N	mensaje
1013	V	generar
1015	A	imposible
1016	D	mañana
1017	N	revista
1018	N	chico
1019	D	asimismo
1020	A	judicial
1021	V	valer
1023	N	pieza
1024	N	discurso
1025	N	constitución
1026	N	década
1027	V	retirar
1029	V	incorporar
1030	N	peligro
1031	N	alcalde
1032	N	alimento
1034	N	oro
1035	V	mandar
1037	N	lenguaje
1038	V	convencer
1039	N	víctima
1040	N	empresario
1041	D	primero
1042	A	similar
1044	N	intervención
1046	N	listo
1047	N	gestión
1048	N	gasto
1052	N	territorio
1053	V	emplear
1054	N	marco
1055	N	jornada
1056	C	a la que
1058	N	ambiente
1059	N	presupuesto
1060	V	comprobar
1061	A	tradicional
1062	N	vehículo
1063	V	atender
1064	N	red
1065	V	exponer
1067	A	pobre
1068	A	pleno
1070	N	hoja
1072	N	piel
1073	V	partir
1074	D	no obstante
1075	N	individuo
1076	A	reciente
1078	N	alma
1079	A	concreto
1081	A	abierto
1084	D	jamás
1085	N	procedimiento
1087	N	espíritu
1090	A	positivo
1092	A	extraño
1094	N	gusto
1096	V	sorprender
1099	N	flor
1100	V	causar
1101	V	avanzar
1102	A	armado
1103	N	masa
1104	N	viento
1106	D	alrededor
1109	A	familiar
1110	N	reacción
1111	V	conservar
1114	N	oficina
1115	N	alumno
1116	N	propósito
1117	N	comité
1118	N	palacio
1119	N	nota
1120	N	versión
1121	N	referencia
1125	N	disposición
1126	A	escaso
1127	N	junta
1129	V	ejercer
1130	A	correspondiente
1131	V	coincidir
1132	A	religioso
1133	A	peor
1134	N	guardia
1135	A	preciso
1136	C	respecto a
1137	N	influencia
1138	V	despertar
1139	V	limitar
1140	N	sombra
1141	A	extranjero
1142	N	temperatura
1143	V	rodear
1144	N	pared
1145	V	instalar
1146	V	intervenir
1147	N	pasado
1148	V	contribuir
1149	A	puro
1150	V	identificar
1151	V	tirar
1153	N	labor
1154	N	argentina
1155	V	implicar
1157	N	cadena
1158	N	unión
1159	N	visión
1161	N	conferencia
1162	A	urbano
1163	D	detrás
1164	N	verano
1165	N	representación
1166	N	superficie
1167	N	selección
1169	N	ventana
1171	V	prestar
1172	V	componer
1174	N	poeta
1175	N	temporada
1177	N	caballo
1178	N	ataque
1180	N	kilómetro
1182	N	colegio
1183	N	contra
1184	A	jurídico
1185	N	fase
1188	N	conducta
1190	N	soldado
1192	N	frase
1194	N	compromiso
1195	N	diálogo
1196	D	realmente
1198	N	sensación
1202	N	acceso
1203	V	facilitar
1206	A	regional
1207	N	dios
1208	N	árbol
1209	N	frecuencia
1212	N	crédito
1213	V	bastar
1214	N	muestra
1218	N	droga
1219	N	parlamento
1220	N	transporte
1221	R	os
1224	N	delito
1225	V	merecer
1226	A	específico
1227	V	transformar
1228	N	victoria
1230	N	instante
1231	N	triunfo
1232	N	ritmo
1233	V	proceder
1234	D	directamente
1235	N	tono
1236	N	ámbito
1237	N	intento
1238	A	legal
1241	N	vivienda
1242	N	par
1243	V	revelar
1245	N	total
1247	N	perro
1249	V	salvar
1250	V	apuntar
1251	V	tender
1252	V	sumar
1253	N	debate
1254	N	mecanismo
1255	N	instalación
1256	V	destinar
1257	N	iniciativa
1258	A	frío
1259	N	sujeto
1260	N	gracia
1261	N	plano
1262	N	pago
1263	N	toro
1266	N	comienzo
1268	N	tecnología
1269	V	casar
1270	N	deudo
1271	N	carretero
1272	C	acerca de
1273	N	evolución
1275	N	la
1276	N	caja
1279	V	trasladar
1280	D	totalmente
1281	N	raíz
1282	N	generación
1283	V	calificar
1284	A	cubano
1285	V	interpretar
1287	V	notar
1288	V	reflejar
1291	A	eléctrico
1292	C	en torno a
1293	V	elaborar
1294	N	edición
1299	N	audiencia
1300	N	agencia
1301	A	previo
1303	A	breve
1304	N	asamblea
1305	V	cometer
1307	V	recorrer
1309	N	cuarto
1310	N	presidencia
1313	N	costa
1315	N	volumen
1316	V	vencer
1317	N	protección
1318	N	calor
1319	A	doble
1320	N	estrella
1322	A	laboral
1323	N	tasa
1324	A	americano
1328	V	cobrar
1329	V	estimar
1331	A	externo
1332	V	amar
1333	N	oferta
1334	V	emitir
1335	D	simplemente
1336	N	clave
1337	V	sonar
1338	N	el
1339	N	avión
1340	A	feliz
1341	V	escapar
1343	N	gobernador
1345	V	aportar
1346	V	proporcionar
1347	A	artístico
1350	A	clásico
1351	N	rato
1353	R	menos
1354	N	italia
1355	N	sonido
1356	A	federal
1358	N	perspectivo
1359	V	eliminar
1361	N	aparato
1363	N	ejecutivo
1364	A	cercano
1365	V	convocar
1366	C	si bien
1367	A	junto
1368	N	lector
1369	D	igual
1370	N	copa
1371	N	cárcel
1373	A	permanente
1374	A	sexual
1376	N	opción
1377	N	velocidad
1378	V	figurar
1379	N	mamá
1380	N	gol
1381	N	literatura
1382	C	frente al
1384	N	respeto
1385	N	ausencia
1386	N	alemania
1390	A	posterior
1391	N	habitante
1392	N	órgano
1393	A	independiente
1394	N	comportamiento
1395	A	interesante
1396	N	signo
1397	N	actualidad
1398	N	firma
1399	N	puerto
1400	N	cuidado
1401	N	tamaño
1402	N	espectáculo
1403	N	división
1404	A	musical
1406	N	preocupación
1407	V	discutir
1408	A	habitual
1409	N	muerto
1410	V	comunicar
1411	N	accidente
1413	A	constitucional
1414	V	otorgar
1415	V	modificar
1416	N	personal
1417	N	impresión
1418	N	fórmula
1419	N	banda
1420	V	convenir
1421	A	inferior
1422	N	enseñanza
1424	A	deportivo
1425	D	quizás
1426	D	delante
1427	A	británico
1428	N	categoría
1430	N	fiscal
1431	A	femenino
1432	N	mil
1433	N	conclusión
1435	N	viejo
1436	D	prácticamente
1439	N	género
1441	N	príncipe
1442	V	distinguir
1443	V	dominar
1445	N	bolsa
1446	V	sustituir
1447	V	nombrar
1449	A	estatal
1450	V	durar
1451	D	recién
1452	A	intenso
1454	A	individual
1455	N	misión
1456	A	catalán
1457	A	elevado
1458	N	presentación
1459	V	pronunciar
1460	N	portavoz
1461	A	moral
1463	N	enemigo
1464	N	explicación
1467	V	luchar
1470	A	frecuente
1471	D	por supuesto
1472	A	colectivo
1473	A	seco
1474	V	disminuir
1475	V	condenar
1476	N	lluvia
1477	V	precisar
1479	A	entero
1480	N	hacienda
1482	N	frontera
1483	N	incremento
1484	N	margen
1485	A	relativo
1486	V	justificar
1487	D	por lo menos
1488	N	venezuela
1489	N	dueño
1490	N	grito
1492	V	percibir
1493	D	tal
1494	N	canal
1495	V	manejar
1496	A	vasco
1497	N	regla
1499	N	corriente
1500	N	extremo
1501	N	dimensión
1503	V	marchar
1504	N	daño
1506	A	activo
1512	V	destruir
1515	N	tratado
1516	V	atravesar
1517	A	semejante
1518	N	señal
1519	N	distribución
1521	N	aparición
1523	N	federación
1524	N	segundo
1525	N	máquina
1526	N	carga
1527	A	negativo
1528	V	elevar
1529	V	amenazar
1531	N	profesional
1532	N	sede
1533	A	sencillo
1534	N	alianza
1535	A	fiscal
1537	V	caracterizar
1538	N	militar
1540	N	acontecimiento
1542	N	temor
1543	A	diario
1544	N	pecho
1545	N	pintor
1546	N	llegada
1547	N	ruido
1548	V	enterar
1549	N	liga
1551	N	resolución
1552	A	hermoso
1553	V	esconder
1556	V	operar
1558	A	literario
1559	A	extraordinario
1561	N	matrimonio
1563	D	debajo
1564	A	supremo
1565	N	interpretación
1566	N	alternativa
1567	V	ubicar
1569	V	atribuir
1570	N	célula
1571	C	junto con
1572	A	complejo
1573	A	esencial
1574	A	anual
1575	N	obligación
1577	A	inicial
1578	V	devolver
1579	V	investigar
1580	A	constante
1581	A	bello
1582	N	doce
1583	A	revolucionario
1585	A	perfecto
1586	N	testigo
1588	N	fe
1589	V	atrever
1590	D	probablemente
1592	N	sección
1593	N	disco
1594	N	labio
1595	N	decreto
1596	V	favorecer
1597	A	administrativo
1600	V	dividir
1601	V	pegar
1602	V	reclamar
1603	V	encargar
1604	N	herido
1605	A	occidental
1606	N	capitán
1607	D	posteriormente
1609	N	funcionamiento
1611	N	brasil
1613	D	igualmente
1614	N	registro
1615	N	buenos aires
1616	A	peligroso
1617	N	pacto
1618	V	saltar
1619	N	secreto
1621	N	extranjero
1622	N	filosofía
1623	N	empleado
1624	A	comunista
1625	A	excelente
1627	N	reducción
1628	N	costo
1629	N	caído
1630	N	mente
1632	D	inmediatamente
1634	N	búsqueda
1635	N	concentración
1636	V	derivar
1638	N	sustancia
1640	V	presidir
1641	N	ciclo
1642	N	gas
1643	V	ocultar
1645	R	conmigo
1646	N	componente
1647	N	nueva york
1650	N	índice
1651	N	crimen
1652	A	educativo
1653	A	interior
1654	N	mal
1655	A	latino
1656	N	protesta
1657	N	resistencia
1659	N	comentario
1660	N	facultad
1661	V	cuidar
1662	A	existente
1663	C	nada más
1664	V	apreciar
1665	N	gonzález
1666	N	espejo
1668	V	consultar
1669	N	experto
1670	N	asesinato
1671	N	continuación
1672	V	huir
1673	N	colaboración
1674	N	avance
1675	D	por lo tanto
1676	N	prisión
1677	A	crítico
1678	V	transmitir
1679	N	papa
1681	V	confiar
1683	N	partida
1685	A	secreto
1686	V	alejar
1687	A	parlamentario
1688	A	seguido
1689	V	medir
1692	N	culpa
1693	A	sindical
1695	N	preso
1696	N	realización
1697	V	incrementar
1699	N	indio
1701	N	virtud
1702	N	discusión
1703	N	sexo
1704	N	fundación
1705	N	postura
1706	N	poesía
1707	A	lento
1708	V	ignorar
1709	A	loco
1710	V	ingresar
1711	N	barco
1712	N	denuncia
1713	D	únicamente
1714	N	mil
1715	N	luna
1718	N	compra
1719	D	como
1721	N	espectador
1722	V	soñar
1724	N	vicepresidente
1725	A	presidencial
1726	N	batalla
1727	N	concepción
1728	V	carecer
1729	V	comprometer
1730	N	localidad
1731	N	pasión
1732	N	código
1733	D	principalmente
1737	V	montar
1738	N	municipio
1739	N	equilibrio
1740	A	efectivo
1743	V	arrastrar
1744	N	porcentaje
1745	N	clima
1746	N	gana
1747	D	acaso
1748	V	encender
1749	V	perseguir
1751	N	senador
1753	A	mental
1755	V	atacar
1756	N	consideración
1757	A	continuo
1758	N	moneda
1759	A	lógico
1760	N	quince
1762	V	negociar
1763	A	múltiple
1765	D	generalmente
1767	D	por fin
1768	V	promover
1770	N	publicación
1771	N	establecimiento
1772	V	callar
1773	V	disfrutar
1774	V	recurrir
1775	N	hogar
1776	N	automóvil
1777	V	vincular
1778	N	composición
1781	N	diseño
1782	N	londres
1783	N	recuperación
1784	N	inicio
1785	N	fruto
1787	N	paisaje
1788	N	belleza
1789	A	notable
1790	N	depresión
1791	N	corrupción
1792	N	esquema
1793	V	oponer
1794	V	encerrar
1795	N	religión
1796	N	reconocimiento
1797	V	experimentar
1800	N	sentencia
1801	N	autonomía
1803	N	planeta
1804	D	aproximadamente
1805	V	confesar
1806	A	caliente
1807	N	honor
1808	A	católico
1809	V	completar
1810	N	embajador
1811	V	criticar
1812	V	calcular
1813	N	tabla
1814	N	roma
1815	A	intelectual
1816	N	socio
1817	N	oficial
1818	N	círculo
1819	N	plata
1820	V	colgar
1821	N	ii
1822	D	perfectamente
1824	N	dominio
1825	V	interrumpir
1826	A	poderoso
1827	D	claramente
1828	N	socialista
1829	N	apertura
1831	N	periodo
1832	N	campeón
1834	N	despacho
1835	N	petición
1836	N	reflexión
1838	N	cuento
1839	A	cristiano
1841	N	observación
1842	N	investigador
1844	N	garantía
1846	A	policial
1847	N	respecto
1848	V	arrancar
1850	D	recientemente
1854	N	vuelo
1855	N	pista
1856	N	transformación
1857	V	juzgar
1858	V	tardar
1859	F	ah
1860	A	universal
1862	N	rama
1863	N	modificación
1864	A	fino
1866	A	aéreo
1870	N	santiago
1871	N	moda
1872	N	atentado
1873	N	guatemala
1874	V	soportar
1875	N	preparación
1876	V	equivocar
1877	N	washington
1878	A	químico
1880	V	subrayar
1881	C	a través del
1882	N	productor
1885	N	inteligencia
1886	N	cadáver
1887	V	perdonar
1889	C	bien
1894	N	significado
1895	C	al igual que
1896	A	global
1898	N	olor
1899	A	penal
1900	V	resistir
1901	A	tecnológico
1903	N	festival
1904	A	telefónico
1906	N	placer
1908	V	renunciar
1909	N	papá
1910	V	influir
1911	N	punta
1912	V	disparar
1913	V	golpear
1914	A	inmenso
1915	N	definición
1917	N	acusación
1918	N	auto
1919	D	desde luego
1920	N	coronel
1921	A	firme
1922	V	soltar
1923	V	detectar
1924	C	en relación con
1925	A	presunto
1927	V	cargar
1928	V	suspender
1929	V	ejecutar
1930	N	especialista
1931	A	útil
1932	V	finalizar
1933	N	alcohol
1934	V	conformar
1936	N	tren
1937	A	orgánico
1939	N	utilización
1940	N	mando
1942	N	potencia
1943	V	invertir
1944	A	menudo
1945	V	alzar
1946	V	gozar
1947	N	progreso
1948	A	salvo
1949	N	patria
1950	V	acceder
1951	V	padecer
1952	N	campesino
1953	N	anuncio
1954	N	residencia
1955	D	seguramente
1956	A	eficaz
1957	A	consciente
1958	D	nuevamente
1960	N	cultivo
1962	A	infantil
1963	A	conocido
1964	V	envolver
1965	N	solidaridad
1966	N	instancia
1968	N	cooperación
1970	N	exportación
1971	N	hambre
1972	N	consejero
1973	N	oficio
1974	D	rápidamente
1977	A	lejano
1978	A	brillante
1979	N	llamada
1980	N	entorno
1981	N	poema
1982	N	columna
1983	V	originar
1984	D	en cuanto
1985	N	local
1986	N	intensidad
1988	V	asesinar
1989	N	héroe
1991	N	risa
1992	N	capa
1995	N	aventura
1996	A	violento
1998	N	polvo
1999	N	tropa
2000	N	pausa
2001	V	seleccionar
2002	V	quemar
2003	N	elaboración
2004	N	liberación
2006	V	robar
2007	A	creciente
2008	V	procurar
2009	N	nicaragua
2010	N	miami
2011	A	correcto
2013	A	izquierdo
2014	N	amistad
2015	N	motor
2016	V	acostumbrar
2018	V	girar
2019	C	con respecto a
2020	A	curioso
2021	A	liberal
2022	V	formular
2023	V	gobernar
2024	N	exterior
2025	A	colombiano
2026	N	exceso
2027	N	madrugada
2028	A	ejecutivo
2029	N	cumbre
2030	A	nuclear
2031	N	dibujo
2032	N	derrota
2033	V	desplazar
2034	V	orientar
2035	N	quinto
2037	N	propietario
2038	V	repartir
2039	N	torneo
2041	V	proyectar
2044	N	símbolo
2045	V	arrojar
2046	A	respectivo
2048	N	geografía
2051	N	suma
2052	N	consulta
2054	A	limpio
2055	A	rural
2056	N	pobre
2057	N	concurso
2058	A	práctico
2059	V	herir
2060	N	borde
2061	V	variar
2062	N	exigencia
2063	N	comandante
2064	V	asociar
2065	N	obispo
2067	V	liberar
2068	N	cerebro
2069	A	ideológico
2070	V	volar
2071	N	asistencia
2072	V	designar
2074	N	variedad
2075	D	completamente
2076	A	procedente
2077	N	impulso
2078	N	tiro
2079	N	colección
2080	A	fresco
2081	N	bandera
2082	V	concentrar
2083	V	encabezar
2084	A	legislativo
2086	A	monetario
2087	D	cuándo
2088	N	entrega
2089	N	secretaría
2090	N	suceso
2091	C	en lugar de
2092	N	proporción
2094	N	núcleo
2095	N	humor
2096	V	descender
2097	N	frío
2098	A	débil
2099	V	hundir
2100	N	dependencia
2101	A	sanitario
2102	N	laboratorio
2103	N	felipe gonzález
2104	N	patio
2105	V	inclinar
2106	N	delegación
2107	V	saludar
2108	A	gubernamental
2109	N	paseo
2110	N	bomba
2111	N	directivo
2112	N	avenida
2113	A	desnudo
2114	N	espera
2115	C	a partir del
2117	V	transcurrir
2118	A	extremo
2119	R	demasiado
2120	N	petróleo
2121	D	cuanto
2122	A	comunitario
2123	V	fallecer
2124	V	especializar
2127	N	coste
2128	A	radical
2129	V	dictar
2130	A	terrible
2131	A	contemporáneo
2132	A	excesivo
2133	V	acumular
2134	N	familiar
2138	N	extensión
2139	V	atraer
2140	N	bloque
2141	V	disputar
2142	A	ambiental
2143	A	productivo
2144	N	seno
2145	N	emisión
2146	N	déficit
2147	A	primario
2149	N	treinta
2152	A	latinoamericano
2154	D	absolutamente
2155	N	soledad
2156	N	presente
2157	N	emisor
2158	V	asomar
2160	N	patrón
2161	N	retrato
2162	N	clasificación
2163	V	emprender
2164	N	invierno
2165	N	lesión
2166	A	empresarial
2169	D	definitivamente
2170	C	de modo que
2171	V	adaptar
2172	N	busca
2173	N	tanto
2174	N	remedio
2175	N	duración
2176	V	descartar
2177	A	agrícola
2178	V	concebir
2179	N	ejecución
2181	N	humanidad
2182	A	santo
2183	N	totalidad
2184	N	academia
2185	D	exactamente
2186	N	dictadura
2187	V	desconocer
2188	C	junto al
2189	N	mezcla
2190	V	distribuir
2191	A	favorable
2193	N	nacimiento
2194	N	agricultura
2195	A	vital
2196	N	eje
2197	N	orquesta
2198	N	testimonio
2199	N	enfrentamiento
2200	A	cotidiano
2201	N	alteración
2202	N	diagnóstico
2203	V	optar
2204	D	fundamentalmente
2206	V	arreglar
2207	N	ceremonia
2208	N	estatuto
2209	N	proteína
2210	A	decisivo
2211	V	colaborar
2212	N	encuesta
2213	V	combatir
2214	N	botella
2215	N	universo
2216	A	chileno
2217	N	traje
2218	V	alimentar
2220	A	madrileño
2221	N	fila
2222	A	estrecho
2223	N	escándalo
2225	A	pendiente
2226	N	tejido
2227	N	inglaterra
2228	N	muro
2229	C	respecto de
2230	N	fábrica
2231	D	naturalmente
2232	A	institucional
2233	V	fabricar
2234	V	desempeñar
2235	N	hierro
2236	A	desconocido
2237	N	rival
2238	V	apartar
2239	V	acoger
2241	V	inaugurar
2242	N	oreja
2243	V	alterar
2244	V	escoger
2246	N	taller
2247	N	regreso
2250	V	revisar
2252	V	agradecer
2253	N	ruta
2254	N	rayo
2255	A	sólido
2256	N	dosis
2257	N	inflación
2258	A	soviético
2261	A	muerto
2263	N	examen
2264	A	geográfico
2265	N	toma
2266	N	angustia
2267	A	teórico
2268	V	beneficiar
2269	N	orientación
2270	N	explotación
2271	A	formal
2272	N	cáncer
2273	N	cálculo
2274	N	coalición
2275	N	sacerdote
2276	N	científico
2277	A	bancario
2278	V	constar
2279	N	eficacia
2280	D	exclusivamente
2282	V	difundir
2283	N	estancia
2285	V	reforzar
2287	N	templo
2288	N	fortuna
2289	N	techo
2290	N	continente
2292	N	japón
2293	V	grabar
2294	N	promoción
2295	N	facilidad
2296	V	iluminar
2297	V	animar
2299	N	evaluación
2300	V	brindar
2303	N	transición
2305	N	ópera
2306	N	homenaje
2309	N	tesis
2310	N	novedad
2311	F	ay
2312	D	respectivamente
2313	N	galería
2314	V	lavar
2315	N	afirmación
2317	N	imaginación
2319	C	mas
2320	N	descenso
2321	V	pasear
2322	N	satisfacción
2323	D	lentamente
2324	V	empujar
2325	A	clínico
2326	V	limpiar
2327	A	informativo
2328	V	apagar
2329	N	promedio
2330	N	redacción
2332	V	rendir
2333	N	anciano
2334	V	obedecer
2335	A	autonómico
2336	N	comunicado
2337	N	danza
2339	A	obrero
2340	N	episodio
2342	N	estabilidad
2343	N	consumidor
2344	V	diferenciar
2345	A	inútil
2346	A	solar
2347	N	campeonato
2348	V	apretar
2349	N	combate
2351	N	canto
2352	N	central
2353	V	localizar
2354	N	solicitud
2355	N	manejo
2356	N	difusión
2357	C	cuestión de
2359	V	asustar
2360	A	típico
2361	A	mero
2362	N	nube
2364	V	diseñar
2365	A	biológico
2366	N	arena
2367	V	fumar
2368	V	gastar
2370	N	legislación
2371	A	psicológico
2372	A	destacado
2373	N	pato
2374	A	abundante
2375	N	imperio
2376	N	claridad
2377	N	mentira
2378	V	anotar
2380	N	profundidad
2381	A	escolar
2382	N	defensor
2383	N	reflejo
2385	N	rechazo
2386	V	remitir
2387	N	piloto
2388	V	autorizar
2389	V	entrevistar
2391	A	conveniente
2392	N	mantenimiento
2393	V	centrar
2394	N	estímulo
2395	N	recorrido
2396	N	archivo
2397	N	incidente
2398	N	delegado
2399	C	en vez de
2400	N	efe
2402	N	obrero
2403	A	indígena
2404	V	molestar
2405	V	satisfacer
2406	A	conservador
2408	N	hipótesis
2410	V	aspirar
2411	N	alrededor
2413	N	convocatoria
2414	A	ambiente
2415	N	sida
2417	N	lágrima
2418	A	listo
2419	N	salto
2420	A	digno
2421	V	examinar
2422	V	desprender
2423	N	trato
2424	V	reproducir
2425	V	penetrar
2426	A	íntimo
2427	V	extraer
2428	N	renta
2429	N	valle
2430	N	roca
2431	N	baja
2432	N	evidencia
2433	N	gabinete
2434	N	amante
2436	N	reino
2437	N	arquitectura
2438	N	ácido
2440	N	variación
2441	N	colonia
2442	A	provincial
2443	N	hilo
2444	A	olímpico
2445	N	mejora
2446	N	once
2447	N	dama
2448	V	cesar
2449	N	misterio
2450	N	paquete
2451	N	santo
2452	A	eterno
2453	N	senado
2454	V	engañar
2455	N	circulación
2456	N	medicamento
2457	N	expectativa
2459	N	trastorno
2460	A	electrónico
2463	N	atmósfera
2464	V	cocer
2466	N	colega
2467	N	alimentación
2468	N	apartado
2469	N	caballero
2471	N	gato
2472	N	pájaro
2473	N	magistrado
2474	N	ejemplar
2475	N	comando
2476	V	agarrar
2477	A	exacto
2478	N	máximo
2479	N	camión
2480	N	emperador
2481	N	intercambio
2485	N	xix
2487	N	celebración
2488	N	banesto
2489	N	entusiasmo
2490	N	miguel
2493	N	prestigio
2494	N	ampliación
2495	A	ilegal
2496	N	cumplimiento
2497	V	sospechar
2498	A	masivo
2500	A	peruano
2502	V	consolidar
2504	V	sobrevivir
2505	N	juzgado
2507	V	combinar
2508	N	bolsillo
2509	V	conectar
2510	V	generalizar
2512	A	solitario
2513	N	aprobación
2514	V	renovar
2515	V	reaccionar
2516	D	particularmente
2517	N	cualquiera
2518	N	ideología
2519	V	derrotar
2520	N	grasa
2521	A	masculino
2522	V	exhibir
2523	N	concejal
2524	D	anoche
2526	D	anteriormente
2527	N	china
2528	N	teniente
2529	N	humo
2530	A	delicado
2531	N	reglamento
2534	A	dramático
2536	C	aparte de
2537	N	infección
2538	N	polémica
2539	N	virgen
2540	N	de
2541	A	agudo
2542	A	venezolano
2544	A	vigente
2545	N	cura
2546	N	guerrilla
2547	N	rincón
2549	C	a medida que
2550	A	característico
2552	N	lima
2553	N	feria
2554	A	agrario
2555	N	manifiesto
2556	V	reiterar
2557	A	sagrado
2559	V	provenir
2560	A	imprescindible
2561	V	proseguir
2562	D	previamente
2563	N	confusión
2564	N	banca
2566	N	cantante
2567	N	candidatura
2568	V	depositar
2569	N	editorial
2570	N	israel
2571	A	ideal
2572	N	verso
2573	N	tabaco
2574	N	vacación
2576	N	infraestructura
2577	A	opuesto
2579	V	regalar
2580	V	expulsar
2581	A	aislado
2582	A	complicado
2583	V	circular
2584	A	juvenil
2585	N	escrito
2586	N	aprendizaje
2587	N	visitante
2588	N	horizonte
2589	N	expansión
2590	V	estrenar
2591	N	distrito
2592	N	dignidad
2593	A	académico
2594	V	aguantar
2597	N	corredor
2598	A	genético
2599	N	sensibilidad
2600	V	prolongar
2601	A	magnífico
2602	A	sucio
2603	A	oriental
2604	N	tonelada
2606	D	por cierto
2607	N	entrenador
2608	V	acostar
2609	N	bolivia
2610	N	promesa
2611	N	torre
2612	V	aludir
2613	V	quejar
2614	D	efectivamente
2615	N	programación
2616	D	fácilmente
2617	N	felicidad
2618	N	depósito
2619	V	estimular
2621	V	estallar
2622	V	regir
2623	A	fiel
2624	N	limitación
2625	N	esclavo
2626	D	afuera
2627	N	terrorismo
2628	V	corregir
2629	N	la habana
2630	R	bastante
2631	N	primavera
2632	N	panorama
2633	A	avanzado
2634	N	oscuridad
2635	N	detención
2636	N	obstáculo
2637	A	grueso
2638	N	embajada
2639	N	percepción
2640	N	importación
2641	N	esencia
2642	N	cola
2643	A	diplomático
2644	N	sabor
2645	A	energético
2646	V	lamentar
2647	N	secuestro
2648	N	clinton
2649	N	apariencia
2653	A	nacionalista
2654	N	zapato
2655	N	expediente
2656	N	señorito
2657	A	doméstico
2658	V	acariciar
2660	A	parcial
2661	A	espacial
2662	N	gloria
2663	N	turno
2664	N	cuarenta
2665	A	oculto
2666	N	diablo
2667	V	excluir
2668	N	contradicción
2669	N	amo
2670	N	mandato
2671	N	proyección
2673	A	húmedo
2674	N	circuito
2677	N	conductor
2678	N	corresponsal
2679	N	incendio
2680	N	posesión
2681	N	antecedente
2682	N	panamá
2683	V	agotar
2684	A	espectacular
2686	N	gravedad
2687	N	modalidad
2688	A	sucesivo
2689	A	variado
2691	V	admirar
2692	N	ecuador
2693	V	financiar
2694	A	republicano
2695	V	tapar
2696	N	arco
2697	V	invadir
2699	A	estético
2701	V	jurar
2702	N	sacrificio
2703	N	financiación
2704	N	nave
2705	A	incapaz
2706	N	onda
2708	N	raza
2709	V	enterrar
2710	N	virus
2711	N	aportación
2712	N	curiosidad
2713	A	mediano
2714	A	reducido
2715	V	involucrar
2716	N	tarifa
2717	A	romano
2718	V	captar
2719	N	comisario
2720	A	espiritual
2721	V	inspirar
2722	A	andaluz
2723	N	cuerdo
2724	N	defecto
2725	N	comparación
2726	N	viajero
2727	N	cigarrillo
2728	N	cuota
2731	V	residir
2732	N	disminución
2733	A	territorial
2734	N	combinación
2735	A	restante
2736	N	llave
2738	N	síntesis
2739	C	cada vez que
2741	N	efe
2742	A	ancho
2743	N	mérito
2744	N	introducción
2745	N	gen
2746	N	desaparición
2748	V	multiplicar
2749	N	harina
2750	N	castigo
2751	N	corona
2752	V	concretar
2754	N	milagro
2757	N	corporación
2758	N	destrucción
2759	N	bogotá
2760	N	continuidad
2761	V	solucionar
2762	V	competir
2764	N	entrenamiento
2765	N	desgracia
2766	V	proclamar
2767	N	martín
2768	N	revisión
2769	N	cualidad
2771	N	orilla
2772	V	forzar
2773	N	vigilancia
2774	A	exclusivo
2775	N	fantasía
2776	A	conjunto
2777	V	afrontar
2778	V	armar
2779	N	comprensión
2780	V	pesar
2781	A	publicitario
2782	V	vigilar
2783	V	asignar
2785	V	abarcar
2787	N	multitud
2788	V	extrañar
2789	N	pri
2790	A	mágico
2792	N	jesús
2794	D	posiblemente
2795	A	estratégico
2796	N	adolescente
2797	N	compositor
2798	N	puesta
2799	V	retener
2800	N	mediodía
2801	V	cansar
2803	N	evento
2804	N	físico
2805	N	a
2806	N	precisión
2808	N	puerto rico
2809	N	semilla
2811	N	pasajero
2812	A	corriente
2813	C	una vez que
2814	N	huella
2815	V	condicionar
2816	A	disponible
2817	A	indispensable
2818	N	placa
2819	N	monte
2821	N	centenar
2822	N	emergencia
2823	V	atar
2824	A	absurdo
2825	N	lujo
2827	N	asesor
2828	V	reservar
2829	N	gallo
2830	N	tesoro
2831	V	imprimir
2832	N	ordenador
2833	D	normalmente
2834	N	doctrina
2835	A	inevitable
2836	N	mínimo
2838	V	doler
2839	N	cinta
2840	N	líquido
2841	V	oler
2843	N	tragedia
2844	A	moderado
2845	V	fallar
2846	V	anticipar
2847	A	visible
2848	N	conexión
2849	N	colaborador
2850	V	ligar
2851	N	cartero
2853	N	convicción
2854	N	conservación
2855	A	singular
2856	N	inquietud
2857	D	relativamente
2858	V	castigar
2859	C	dado que
2860	N	identificación
2861	N	cabello
2862	V	conquistar
2864	N	disparo
2865	N	bienestar
2866	N	mina
2867	N	castellano
2871	N	iii
2873	N	moscú
2874	N	estadístico
2875	N	rigor
2876	N	igualdad
2878	V	ajustar
2879	V	administrar
2880	V	clasificar
2881	N	utilidad
2882	N	conquista
2883	V	habitar
2884	N	cincuenta
2885	A	cinematográfico
2886	N	integrante
2887	A	satisfecho
2888	A	considerable
2889	N	mito
2890	N	explosión
2891	N	beso
2892	D	aparentemente
2893	A	estructural
2894	N	fundamento
2895	A	válido
2897	V	transportar
2898	V	avisar
2899	N	maniobra
2900	A	urgente
2901	N	subida
2902	N	marino
2903	A	extenso
2904	N	incidencia
2905	N	pelota
2906	N	intelectual
2907	N	monje
2908	N	adulto
2909	A	estricto
2910	V	explotar
2912	A	paralelo
2913	N	boda
2914	A	leve
2916	N	varón
2917	A	nocturno
2918	V	agitar
2919	R	vos
2920	N	escultura
2921	N	fama
2922	C	ahora que
2923	D	necesariamente
2924	N	real madrid
2925	A	corporal
2926	N	fantasma
2928	N	adaptación
2929	N	síndrome
2930	V	inscribir
2932	N	creencia
2934	A	primitivo
2935	V	borrar
2936	C	de manera que
2937	A	terrorista
2938	N	gota
2939	V	cultivar
2940	A	maravilloso
2941	A	atlético
2942	V	ratificar
2943	V	aguardar
2944	C	de acuerdo a
2945	N	fallo
2946	V	ocasionar
2947	N	intérprete
2948	N	cruz
2950	V	librar
2951	N	sexto
2952	N	ala
2953	V	dotar
2954	N	contraste
2955	N	licenciado
2956	N	carro
2957	N	socialismo
2958	N	lección
2959	N	votación
2960	N	préstamo
2961	A	oportuno
2962	D	suficientemente
2963	N	agresión
2965	N	pleno
2966	N	pistola
2970	N	narcotráfico
2971	A	dorado
2972	N	trayectoria
2974	N	satélite
2975	N	ocupación
2976	N	ajuste
2977	N	debilidad
2980	N	habilidad
2981	N	transmisión
2983	N	sospecha
2984	N	comerciante
2985	V	aproximar
2986	N	miseria
2988	N	misa
2989	N	domicilio
2990	A	ciego
2991	A	adicional
2992	N	finalidad
2993	A	hecho
2994	N	pecado
2995	D	mientras tanto
2996	N	unión europea
2997	N	separación
2998	V	mentir
2999	N	conde
3000	A	idéntico
3001	D	a lo mejor
3002	N	mundial
3003	N	lógico
3004	N	pnv
3005	N	planificación
3006	A	obligado
3008	N	leyenda
3009	N	vigor
3010	V	suscribir
3011	A	encargado
3012	N	suspensión
3014	N	determinación
3018	N	talento
3019	V	batir
3021	N	vidrio
3022	V	frenar
3023	N	herramienta
3024	D	verdaderamente
3025	N	vitamina
3026	A	severo
3027	N	vanguardia
3028	N	abuso
3029	N	coro
3030	N	complejo
3032	N	ave
3033	V	enamorar
3035	A	excepcional
3036	N	cuartel
3037	N	trámite
3038	V	conversar
3040	N	tramo
3042	N	xx
3043	N	nieve
3044	V	resaltar
3045	N	caracas
3047	A	visual
3048	N	cm
3049	N	esfera
3050	V	agrupar
3051	N	secuencia
3052	N	prisa
3053	N	asesino
3054	N	palo
3055	N	copia
3056	N	escritura
3058	C	caso del
3059	N	odio
3060	N	cristo
3061	N	coordinador
3062	V	propiciar
3063	V	lucir
3064	N	internet
3065	N	regulación
3066	N	tránsito
3068	D	profundamente
3069	N	clínico
3070	N	moral
3071	V	doblar
3073	N	militante
3074	D	en cualquier caso
3075	N	onu
3076	V	culminar
3077	A	artificial
3078	N	gerente
3079	N	observador
3080	N	agrupación
3081	N	pedazo
3082	N	combustible
3083	A	limitado
3084	N	llama
3085	N	medalla
3086	N	párrafo
3089	N	curvo
3090	N	locura
3091	A	dominante
3092	N	calma
3093	N	respaldo
3094	A	divino
3096	V	violar
3097	N	renovación
3098	V	protagonizar
3099	R	contigo
3100	C	al tiempo que
3101	N	ugt
3102	V	acentuar
3103	A	progresivo
3104	A	sonoro
3105	V	rodar
3106	N	ángulo
3107	A	sorprendente
3109	N	eco
3110	V	temblar
3111	V	empeñar
3112	N	ola
3113	A	inocente
3114	N	incorporación
3115	A	terrestre
3116	N	magnitud
3117	N	vocación
3118	N	cerdo
3119	N	humedad
3121	N	violación
3122	V	presionar
3124	N	menor
3125	A	atractivo
3126	N	asistente
3127	N	jurado
3128	A	africano
3129	V	sembrar
3130	N	coordinación
3133	V	comportar
3134	A	partidario
3135	A	decidido
3136	N	invitado
3137	V	absorber
3138	A	poético
3139	V	apostar
3140	V	rezar
3141	N	filme
3142	A	valioso
3143	V	vengar
3144	N	torero
3145	V	disolver
3146	A	infinito
3147	V	deducir
3148	C	así como
3149	V	relatar
3150	N	creador
3151	D	acá
3152	N	nombramiento
3154	N	privilegio
3156	N	aspiración
3157	D	siquiera
3158	D	enseguida
3159	N	documentación
3161	N	fibra
3162	N	encargado
3163	N	decena
3164	V	trazar
3165	A	misterioso
3166	F	oh
3167	N	tronco
3168	N	occidente
3169	V	adivinar
3170	N	afán
3171	N	muñeco
3172	N	renuncia
3173	A	vegetal
3174	V	exclamar
3176	N	espada
3177	N	ganador
3178	D	ligeramente
3179	N	pluma
3181	N	ansiedad
3182	N	fusión
3183	N	país vasco
3184	N	grano
3185	A	obvio
3186	N	mancha
3187	N	viudo
3188	N	relieve
3189	D	personalmente
3190	D	ciertamente
3191	A	colonial
3193	N	recomendación
3194	A	aparente
3195	N	valoración
3196	N	otoño
3197	N	asalto
3199	N	nervio
3200	N	fotógrafo
3201	N	infierno
3203	N	maíz
3204	V	sacudir
3205	N	fernando
3207	N	barra
3208	A	sujeto
3210	V	suscitar
3211	N	tv
3212	N	tercio
3213	A	integral
3214	A	teatral
3215	N	centímetro
3217	N	broma
3218	N	prioridad
3219	A	agradable
3220	A	funcional
3221	N	civilización
3223	N	represión
3224	A	noble
3225	N	sierra
3226	N	adquisición
3227	N	tranquilidad
3228	N	sanidad
3229	A	precioso
3230	N	balón
3231	N	transferencia
3232	N	aniversario
3233	V	demandar
3234	N	robo
3235	N	xviii
3237	N	repente
3238	N	aliado
3240	N	aporte
3242	N	ideal
3243	N	giro
3244	A	doloroso
3245	N	condena
3246	N	parlamentario
3248	N	herencia
3249	V	programar
3250	N	villa
3251	V	editar
3252	N	km
3253	N	licencia
3254	V	rescatar
3255	N	experimento
3257	V	fortalecer
3258	N	exilio
3259	A	modesto
3261	N	ganancia
3262	N	aceptación
3263	D	adentro
3264	N	daniel
3265	V	prevenir
3266	N	limpieza
3267	N	desierto
3268	N	privatización
3269	A	tremendo
3270	V	pelear
3271	V	clavar
3272	V	deshacer
3273	A	elegante
3274	N	fuga
3276	N	cancha
3277	A	célebre
3278	V	radicar
3279	A	israelí
3281	N	recinto
3282	V	restar
3283	N	crema
3284	D	plenamente
3285	N	contribución
3287	C	respecto al
3288	N	canadá
3289	N	preferencia
3290	N	cardenal
3291	N	prestación
3293	N	gramo
3294	N	caza
3296	N	uniforme
3297	A	elemental
3299	N	fiscalía
3300	V	configurar
3301	N	plataforma
3302	A	filosófico
3304	N	canciller
3305	V	fracasar
3307	N	gran bretaña
3309	N	ruina
3310	N	ronda
3311	A	terapéutico
3313	N	selva
3314	N	casco
3315	V	proveer
3317	A	romántico
3318	N	convención
3319	N	fragmento
3320	A	apropiado
3321	A	intermedio
3322	N	península
3323	N	pez
3324	N	mandatario
3325	N	ángel
3326	N	traslado
3327	N	minoría
3329	N	barrera
3331	N	refugio
3332	N	legislador
3333	N	desplazamiento
3334	A	metálico
3335	N	uruguay
3336	N	soporte
3337	N	duque
3340	N	resumen
3341	A	animal
3342	N	filósofo
3343	N	récord
3344	N	accionista
3345	N	inspección
3346	V	secar
3347	V	reparar
3348	N	limón
3349	N	longitud
3350	N	abandono
3352	N	cementerio
3353	N	finca
3354	C	en cuanto al
3357	N	prevención
3358	N	judío
3359	A	racional
3360	A	complementario
3362	N	tormenta
3363	A	alejado
3364	R	consigo
3365	N	desempleo
3366	N	tumba
3368	N	deterioro
3369	N	retorno
3370	N	buque
3371	C	en tanto que
3372	N	honduras
3373	N	refugiado
3374	V	brillar
3375	V	argumentar
3376	N	soberanía
3378	D	oficialmente
3379	A	ordinario
3380	V	triunfar
3381	N	inspector
3383	A	perteneciente
3384	V	disimular
3385	D	evidentemente
3386	A	prolongado
3387	N	cariño
3388	N	editor
3389	N	caribe
3390	N	e
3391	V	guiar
3392	N	psicología
3393	V	imitar
3394	N	pretensión
3395	N	embarazo
3398	N	vela
3399	N	aviso
3400	V	acelerar
3401	A	emocional
3402	A	simbólico
3403	N	paciencia
3404	V	paralizar
3405	N	monumento
3406	N	enviado
3407	N	ap
3408	N	historiador
3410	N	delincuente
3411	N	tubo
3412	N	catalán
3413	A	representativo
3414	V	pisar
3415	N	periodismo
3416	N	carencia
3418	V	secuestrar
3419	V	perjudicar
3420	A	perdido
3421	N	rumbo
3422	N	plantilla
3423	N	abc
3425	N	noción
3426	A	mixto
3427	N	horror
3428	V	contraer
3429	N	flujo
3430	N	el salvador
3431	N	autorización
3433	A	convencional
3434	N	olvido
3435	V	acomodar
3436	N	gal
3438	N	calendario
3440	N	probabilidad
3442	N	excelencia
3444	A	muscular
3445	N	rapidez
3447	N	rol
3448	A	periodístico
3451	N	comunista
3452	N	urss
3453	N	jugo
3454	N	participante
3456	N	respiración
3457	A	lingüístico
3459	V	prender
3460	A	creativo
3461	N	vigencia
3462	V	desviar
3463	V	tragar
3464	N	inconveniente
3466	D	aparte
3467	A	mortal
3468	A	legítimo
3469	V	encaminar
3470	N	cero
3471	A	trágico
3473	V	desplegar
3474	A	directivo
3475	A	marino
3476	V	reemplazar
3477	N	vaca
3478	N	pasaje
3479	N	invasión
3480	V	capturar
3481	V	bañar
3482	N	montaje
3483	A	agresivo
3485	A	razonable
3486	A	salarial
3487	A	judío
3489	N	sufrimiento
3490	N	receptor
3491	N	miel
3493	D	constantemente
3494	D	justamente
3495	N	desastre
3496	A	remoto
3497	A	maldito
3498	N	fabricación
3499	N	film
3500	N	bolo